Year,Month,Cover Model
1953,December,Marilyn Monroe
1954,January,"Vol. 1, No. 2"
1954,February,Yvonne Ménard
1954,March,Joanne Arnold
1954,April,Leigh Lewin
1954,May,"Vol. 1, No. 6"
1954,June,"Vol. 1, No. 7"
1954,July,"Vol. 1, No. 8"
1954,August,"Vol. 1, No. 9"
1954,September,"Vol. 1, No. 10"
1954,October,Madeline Castle
1954,November,"Vol. 1, No. 12"
1954,December,Terry Ryan
1955,January,"Vol. 2, No. 2"
1955,February,"Leigh Lewin, Arlene Kieta"
1955,April,Leigh Lewin
1955,May,Leigh Lewin
1955,June,Donna Kime
1955,July,Janet Pilgrim
1955,August,Joanne Arnold
1955,September,Marilyn Monroe
1955,October,Marilyn McClintock
1955,November,Barbara Cameron
1955,December,Janet Pilgrim
1956,January,Jean Moorehead
1956,February,"Pat Lawler, Margaret Scott, Eve Meyer"
1956,March,Marian Stafford
1956,April,"Vol. 3, No. 4"
1956,May,Dolores Taylor
1956,June,Sally Todd
1956,July,"Vol. 3, No. 7"
1956,August,"Vol. 3, No. 8"
1956,September,Diane Harmsen
1956,October,"Mary Ann, Shirley"
1956,November,Anna Kirstein
1956,December,Lisa Winters
1957,January,"Marion Scott, Elsa Sorensen, Alice Denham, Rusty Fisher, Lisa Winters, Betty Blue, Marguerite Empey, Marian Stafford, Jonnie Nicely, Gloria Walker, Janet Pilgrim, Lynn Turner"
1957,February,Jayne Mansfield
1957,March,Sandra Edwards
1957,April,Elaine Conte
1957,May,"Vol. 4, No. 5"
1957,June,"Vol. 4, No. 6"
1957,July,Dawn Richards
1957,August,Dolores Donlon
1957,September,Jacquelyn Prescott
1957,October,Janet Pilgrim
1957,November,Marian Stafford
1957,December,"Lisa Winters, Linda Vargas"
1958,January,"Lisa Winters, Marian Stafford, June Blair, Gloria Walker, Gloria Windsor, Jean Jani"
1958,February,Cheryl Kubert
1958,March,"Brigitte Bardot, Michiko Hamamura"
1958,April,Marilyn Dann
1958,May,Lari Laine
1958,June,Judy Lee Tomerlin
1958,July,Joyce Nizzari
1958,August,"Vol. 5, No. 8"
1958,September,Teri Hope
1958,October,"Babette, Mara Corday, Pat Sheehan"
1958,November,"Vol. 5, No. 11"
1958,December,"Vol. 5, No. 12"
1959,January,"Elizabeth Ann Roberts, Teri Hope, Myrna Weber, Cheryl Kubert, Lari Laine"
1959,February,Ardie Scott
1959,March,"Vol. 6, No. 3"
1959,April,"Vol. 6, No. 4"
1959,May,"Cindy Fuller, Fran Stacy, Mary Jane Ralston"
1959,June,Marilyn Hanold
1959,July,"Vol. 6, No. 7"
1959,August,Clayre Peters
1959,September,Marianne Gaba
1959,October,Eleanor Bradley
1959,November,"Vol. 6, No. 11"
1959,December,"Vol. 6, No. 12"
1960,January,"Clayre Peters, Nancy Crawford, Elaine Reynolds, Eleanor Bradley, Yvette Vickers, Donna Lynn, Ellen Stratton"
1960,February,"Vol. 7, No. 2"
1960,March,Joyce Nizzari
1960,April,"Vol. 7, No. 4"
1960,May,"Vol. 7, No. 5"
1960,June,Delores Wells
1960,July,Collete Berne
1960,August,"Vol. 7, No. 8"
1960,September,Marli Renfro
1960,October,"Vol. 7, No. 10"
1960,November,June Wilkinson
1960,December,Teddi Smith
1961,January,"Teddi Smith, Joni Mattis, Stella Stevens, Susie Scott, Ginger Young, Delores Wells"
1961,February,Barbara Ann Lawford
1961,March,"Vol. 8, No. 3"
1961,April,"Vol. 8, No. 4"
1961,May,Judy Newton
1961,June,Heidi Becker
1961,July,Susie Scott
1961,August,"Vol. 8, No. 8"
1961,September,Barbara Ann Lawford
1961,October,"Vol. 8, No. 10"
1961,November,"Vol. 8, No. 11"
1961,December,Delores Wells
1962,January,"Heidi Becker, Susan Kelly, Connie Cooper, Christa Speck, Karen Thompson"
1962,February,Cynthia Maddox
1962,March,"Vol. 9, No. 3"
1962,April,Roberta Lane
1962,May,"Vol. 9, No. 5"
1962,June,"Vol. 9, No. 6"
1962,July,"Vol. 9, No. 7"
1962,August,Darlene Higginson
1962,September,"Vol. 9, No. 9"
1962,October,Laura Young
1962,November,"Vol. 9, No. 11"
1962,December,Sheralee Conners
1963,January,"Merle Pertile, Avis Kimble, Laura Young, Kari Knudsen, Marissa Mathes"
1963,February,Cheryl Lampley
1963,March,Cynthia Maddox
1963,April,Kelly Collins
1963,May,"Vol. 10, No. 5"
1963,June,Jayne Mansfield
1963,July,Judy Newton
1963,August,Nancy Perry
1963,September,Joey Thorpe
1963,October,Teddi Smith
1963,November,Sharon Rogers
1963,December,"Vol. 10, No. 12"
1964,January,"Connie Mason, Phyllis Sherwood, Terre Tucker"
1964,February,Cynthia Maddox
1964,March,Olga Schoberová
1964,April,"Peter Sellers, Karen Lynn"
1964,May,Donna Michelle
1964,June,Mamie van Doren
1964,July,Cynthia Maddox
1964,August,Barbara Reeves
1964,September,Heather Hewitt
1964,October,Judy Newton
1964,November,Maria Hoff
1964,December,"Vol. 11, No. 12"
1965,January,"Sharon Rogers, Nancy Jo Hooper, Nancy Scott, Ashlyn Martin, Terri Kimball, Lori Winston, Melba Ogle, China Lee, Astrid Schulz, Rosemarie Hillcrest, Kai Brendlinger, Jo Collins"
1965,February,Teddi Smith
1965,March,"Vol. 12, No. 3"
1965,April,Lannie Balcom
1965,May,"Vol. 12, No. 5"
1965,June,Turid Lundberg
1965,July,Joey Thorpe
1965,August,Jo Collins
1965,September,Teddi Smith
1965,October,Penny James
1965,November,Beth Hyatt
1965,December,Allison Parks
1966,January,Patti Reynolds
1966,February,Sissy
1966,March,"Vol. 13, No. 3"
1966,April,Cynthia Maddox
1966,May,Allison Parks
1966,June,Mary Warren
1966,July,"Penny James, Patti Reynolds, Joann Russell, Barbara Shaw, Joey Thorpe"
1966,August,Sissy
1966,September,Dianne Chandler
1966,October,Penny James
1966,November,Sue Batchelor
1966,December,Nancy Gould
1967,January,"Judy Tyler, Dianne Chandler, Melinda Windsor"
1967,February,Helen Kirk
1967,March,Nancy Chamberlain
1967,April,Cheryl Shrode
1967,May,Beth Hyatt
1967,June,Sharon Kristie
1967,July,Venita Wolf
1967,August,Lisa Baker
1967,September,Bo Bussmann
1967,October,"Vol. 14, No. 10"
1967,November,Beth Hyatt
1967,December,Lynn Winchell
1968,January,"DeDe Lind, Angela Dorian, Kim Farber, Gwen Wong"
1968,February,Paulette Lindberg
1968,March,Sharon Kristie
1968,April,Dolly Read
1968,May,Angela Dorian
1968,June,Jennie Wallace
1968,July,Lynn Hahn
1968,August,Aino Korva
1968,September,Erika Toth
1968,October,Dale Fahey
1968,November,"Vol. 15, No. 11"
1968,December,Cynthia Myers
1969,January,"Vol. 16, No. 1"
1969,February,Nancy Chamberlain
1969,March,Penny James
1969,April,Sharon Kristie
1969,May,Paulette Lindberg
1969,June,Connie Kreski
1969,July,Barbara Klein (Barbi Benton)
1969,August,Penny James
1969,September,Shay Knuth
1969,October,Paulette Lindberg
1969,November,"Vol. 16, No. 11"
1969,December,Jorja Beck
1970,January,"Jean Bell, Lorrie Menconi, Kathy MacDonald, Shay Knuth, Leslie Bianchini"
1970,February,Norma Bauer
1970,March,Barbi Benton
1970,April,Pamela Nystul
1970,May,Phyllis Babila
1970,June,Claudia Jennings
1970,July,Janet Wolf
1970,August,Linda Donnelly
1970,September,Jackie Ray
1970,October,"Mary Collinson, Madeleine Collinson"
1970,November,Crystal Smith
1970,December,Shay Knuth
1971,January,"Mary Collinson, Madeleine Collinson, Jennifer Liano, Sharon Clark, Debbie Ellison"
1971,February,Jayne Smith
1971,March,Peggy Smith
1971,April,Simone Hammerstrand
1971,May,Diane Davies
1971,June,Sharon Clark
1971,July,Kay Sutton York
1971,August,Christy Miller
1971,September,Crystal Smith
1971,October,Darine Stern
1971,November,Debbie Hanlon
1971,December,"Vol. 18, No. 12"
1972,January,"Willy Rey, Liv Lindeland, Crystal Smith, Claire Rambeau"
1972,February,Barbara Carrera
1972,March,"Vol. 19, No. 3"
1972,April,Rosie Holotik
1972,May,Barbi Benton
1972,June,Liv Lindeland
1972,July,"Vol. 19, No. 7"
1972,August,Carol Vitale
1972,September,Sandra Jozefski
1972,October,Lynn Myers
1972,November,Pamela Rawlings
1972,December,Bobbie Pollak
1973,January,"Linda Summers, Lenna Sjööblom, Marilyn Cole, Deanna Baker, Ellen Michaels"
1973,February,Jeanette Larson
1973,March,Mercy Rooney
1973,April,Lenna Sjööblom
1973,May,Bernie Becker
1973,June,Marilyn Cole
1973,July,Karen Christy
1973,August,Cyndi Wood
1973,September,Ariel Jones
1973,October,Sheila Ryan
1973,November,Anne Randall
1973,December,Bonita Lou Rossi
1974,January,20 Anniversary Issue
1974,February,Karen Christy
1974,March,Deborah Shelton
1974,April,Carron June Sliger
1974,May,Marsha Kay
1974,June,Cyndi Wood
1974,July,Christine Maddox
1974,August,Lynnda Kimball
1974,September,Zoya
1974,October,Suzann Sherry
1974,November,Claudia Jennings
1974,December,Robyn Douglass
1975,January,"Ester Cordet, Marilyn Lange, Bebe Buell, Francine Parks, Nancy Cameron, Kristine Hanson"
1975,February,Laura Misch
1975,March,Eva Maria
1975,April,Cyndi Wood
1975,May,Carol Christie
1975,June,Marilyn Lange
1975,July,Lynn Schiller
1975,August,Lillian Müller
1975,September,Amy Arnold
1975,October,"Agneta Eckemyr, Zoe Z."
1975,November,Patricia McClain
1975,December,Lillian Müller
1976,January,"Lynnda Kimball, Mesina Miller, Lillian Müller, Azizi Johari, Ingeborg Sorensen, Victoria Cunningham, Lynn Schiller, Laura Misch, Jill De Vries, Bridgett Rollins, Janet Lupo, Nancie Li Brandi"
1976,February,Jill De Vries
1976,March,Victoria Cunningham
1976,April,Kristine DeBell
1976,May,Nancy Cameron
1976,June,Lillian Müller
1976,July,Cyndi Wood
1976,August,"Vol. 23, No. 8"
1976,September,"Vol. 23, No. 9"
1976,October,"Whitney Kaine, Karen Hafter"
1976,November,Patti McGuire
1976,December,"Ann Pennington, Deborah Borkman"
1977,January,"Daina House, Laura Lyons, Ann Pennington, Denise Michele, Patricia McClain, Debra Peterson, Lillian Müller, Deborah Borkman, Linda Beatty, Whitney Kaine, Hope Olson, Patti McGuire, Karen Hafter"
1977,February,Lena Kansbod
1977,March,Susan Kiger
1977,April,Lisa Sohm
1977,May,Lillian Müller
1977,June,Patti McGuire
1977,July,Pamela Serpe
1977,August,Karen Christy
1977,September,"Denise Michele, Hope Olson, Lisa Sohm"
1977,October,Barbra Streisand
1977,November,Susan Kiger
1977,December,Sondra Theodore
1978,January,Rita Lee
1978,February,Hope Olson
1978,March,Debra Jensen
1978,April,"Susan Kiger, Patty Kiger"
1978,May,Debra Peterson
1978,June,Debra Jo Fondren
1978,July,Pamela Sue Martin
1978,August,Nicki Thomas
1978,September,Sue Paul
1978,October,Dolly Parton
1978,November,Monique St. Pierre
1978,December,Farrah Fawcett
1979,January,25th Anniversary Issue
1979,February,Candace Collins
1979,March,Debra Jensen
1979,April,Rita Lee
1979,May,Cheryle Larsen
1979,June,Monique St. Pierre
1979,July,Denise Gauthier
1979,August,Candy Loving
1979,September,Vicki McCarty
1979,October,"Burt Reynolds, Gig Gangel"
1979,November,Phyllis McCreary
1979,December,Raquel Welch
1980,January,"Steve Martin, Amy Miller, Michele Drake"
1980,February,Candace Collins
1980,March,Bo Derek
1980,April,Shari Shattuck
1980,May,Terri Welles
1980,June,Dorothy Stratten
1980,July,Sandra Dumas
1980,August,Bo Derek
1980,September,Rita Lee
1980,October,S.J. Fellowes
1980,November,Mardi Jacquet
1980,December,"Vol. 27, No. 12"
1981,January,Barbara Bach
1981,February,"Terri Welles, Candy Loving, Sondra Theodore"
1981,March,"Tricia Barnstable, Cybil Barnstable"
1981,April,Liz Wickersham
1981,May,Gabriella Brum
1981,June,Terri Welles
1981,July,Jayne Kennedy
1981,August,Valerie Perrine
1981,September,Bo Derek
1981,October,Cathy St. George
1981,November,Teri Peterson
1981,December,Bernadette Peters
1982,January,Natalie Levy Bencheton
1982,February,Kimberly McArthur
1982,March,Barbara Carrera
1982,April,Mariel Hemingway
1982,May,Vickie Reigle
1982,June,Shannon Tweed
1982,July,Lynda Wiesmeier
1982,August,Vicki McCarty
1982,September,Kymberly Herrin
1982,October,Tanya Roberts
1982,November,Lorraine Michaels
1982,December,Marcy Hanson
1983,January,"Audrey Landers, Judy Landers"
1983,February,Kim Basinger
1983,March,"Kimberly McArthur, Kelly Tough, Karen Witter"
1983,April,Carrie Leigh
1983,May,Nastassja Kinski
1983,June,Marianne Gravatte
1983,July,Ruth Guerri
1983,August,Sybil Danning
1983,September,Kymberly Herrin
1983,October,Charlotte Kemp
1983,November,Donna Ann
1983,December,Joan Collins
1984,January,30th Anniversary Issue
1984,February,Kimberly McArthur
1984,March,Susie Scott Krabacher
1984,April,Kathy Shower
1984,May,"Rita Jenrette, Phillip Anderson"
1984,June,Barbara Edwards
1984,July,Bo Derek
1984,August,Terry Moore
1984,September,Kimberly Evenson
1984,October,Lesa Pedriana
1984,November,Christie Brinkley
1984,December,Suzanne Somers
1985,January,Goldie Hawn
1985,February,Julie McCullough
1985,March,Shannon Tweed
1985,April,"Natalie Smith, Donna Smith"
1985,May,Karen Velez
1985,June,Roxanne Pulitzer
1985,July,Tracy Vaccaro
1985,August,Kathy Shower
1985,September,Madonna
1985,October,Sherry Arnett
1985,November,Teri Weigel
1985,December,Barbi Benton
1986,January,"Vol. 33, No. 1"
1986,February,JoAnne Russell
1986,March,Janet Jones
1986,April,Ava Fabian
1986,May,Vanna White
1986,June,Donna Edmondson
1986,July,Sandy Greenberg
1986,August,Paulina Porizkova
1986,September,"Maryam d'Abo, Kim Basinger, Beth Hyatt, Timothy Dalton"
1986,October,Brandi Brandt
1986,November,Jessica Hahn
1986,December,Brigitte Nielsen
1987,January,"Vol. 34, No. 1"
1987,February,Sandy Greenberg
1987,March,Terri Lynn Doss
1987,April,Vanity
1987,May,Laurie Carr
1987,June,India Allen
1987,July,Cindy Crawford
1987,August,Kimberley Conrad
1987,September,Jessica Hahn
1987,October,Terri Lynn Doss
1987,November,Laura Richmond
1987,December,Kata Kärkkäinen
1988,January,Marilyn Monroe
1988,February,Michele Smith
1988,March,La Toya Jackson
1988,April,Erika Eleniak
1988,May,Natalya Negoda
1988,June,Kimberley Conrad
1988,July,Shelly Jamison
1988,August,Brandi Brandt
1988,September,Karin and Mirjam van Breeschooten
1988,October,Pamela Anderson
1988,November,Donna Mills
1988,December,Candice Bergen
1989,January,35th Anniversary Issue
1989,February,Michele Smith
1989,March,LaToya Jackson
1989,April,Erika Eleniak
1989,May,Natalya Negoda
1989,June,Kimberley Conrad
1989,July,Shelly Jamison
1989,August,Brandi Brandt
1989,September,Karin and Mirjam van Breeschooten
1989,October,Pamela Anderson
1989,November,Donna Mills
1989,December,Candice Bergen
1990,January,Joan Severance
1990,February,Bogna
1990,March,Donald Trump & Brandi Brandt
1990,April,Deborah Driggs
1990,May,Margaux Hemingway
1990,June,Renee Tenison
1990,July,Sharon Stone
1990,August,Erika Eleniak
1990,September,Rosanna Arquette
1990,October,Melissa Evridge
1990,November,Teri Copley
1990,December,Sherilyn Fenn
1991,January,Stacy Arthur
1991,February,Pamela Anderson
1991,March,Stephanie Seymour
1991,April,Julie Clarke
1991,May,Shannon and Tracy Tweed
1991,June,Lisa Matthews
1991,July,Samantha Dorman
1991,August,Caprice
1991,September,The Barbi Twins
1991,October,Tai Collins
1991,November,La Toya Jackson
1991,December,Dian Parkinson
1992,January,Swedish Bikini Team
1992,February,Rachel Williams
1992,March,Anna Nicole Smith
1992,April,Wendy Kaye
1992,May,Elizabeth Gracen
1992,June,Corinna Harney
1992,July,Pamela Anderson
1992,August,Margie Murphy
1992,September,Sandra Bernhard
1992,October,Cristy Thom
1992,November,Joan Severance
1992,December,Sharon Stone
1993,January,The Barbi Twins
1993,February,Stephanie Seymour
1993,March,Mimi Rogers
1993,April,Tonja Christensen
1993,May,Dian Parkinson
1993,June,Anna Nicole Smith
1993,July,Charlotte Lewis
1993,August,"Pamela Anderson, Dan Aykroyd"
1993,September,Jennifer Driver
1993,October,"Jerry Seinfeld, Echo Johnson, Barbara Moore, Kimberly Donley, Suzi Simpson, Carrie Westcott, Tylyn John, Cheryl Bachman, Alex Philip"
1993,November,"Marilise Porto, Lilian Porto, Renata Porto"
1993,December,Erika Eleniak
1994,January,Marilyn Monroe
1994,February,Anna Nicole Smith
1994,March,Shannen Doherty
1994,April,Heidi Mark
1994,May,Elle Macpherson
1994,June,Jenny McCarthy
1994,July,Patti Davis
1994,August,Carol Shaya
1994,September,Robin Givens
1994,October,Jennifer Lavoie
1994,November,Pamela Anderson
1994,December,Bo Derek
1995,January,Drew Barrymore
1995,February,Victoria Jacobs
1995,March,Amber Smith
1995,April,Shana Hiatt
1995,May,Nancy Sinatra
1995,June,Julie Lynn Cialini
1995,July,Sandra Taylor
1995,August,Shelly Jones
1995,September,Kimberley Conrad Hefner
1995,October,Lisa Boyle
1995,November,Tahnee Welch
1995,December,Farrah Fawcett
1996,January,Pamela Anderson
1996,February,"Leslie Nielsen, Sandra Taylor, Catherine Shaw & Traci Adell"
1996,March,Amara Dunae
1996,April,Samantha Torres
1996,May,Cindy Crawford
1996,June,Stacy Sanches
1996,July,Jenny McCarthy
1996,August,Leeann Tweeden
1996,September,Uma Thurman
1996,October,Jennifer Allan (alternate Canadian cover: Samantha Fox)
1996,November,Donna D'Errico
1996,December,Jenny McCarthy
1997,January,Marilyn Monroe
1997,February,"Echo Johnson, Anna-Marie Goddard, Rachel Jeán Marteen, and Jami Ferrell"
1997,March,Faye Resnick
1997,April,Joey Heatherton
1997,May,Claudia Schiffer
1997,June,Victoria Silvstedt
1997,July,Farrah Fawcett 
1997,August,Nikki Ziering
1997,September,Jenny McCarthy or Pamela Anderson 
1997,October,Stacy Fuson
1997,November,Suzen Johnson
1997,December,Danielle House
1998,January,Shannon Tweed
1998,February,Daphne Deckers
1998,March,Marliece Andrada
1998,April,Linda Brava
1998,May,Geri Halliwell
1998,June,"Donna D'Errico, Traci Bingham, Marliece Andrada, Pamela Anderson, Yasmine Bleeth, Carmen Electra, Gena Lee Nolin, Erika Eleniak"
1998,July,Karen McDougal
1998,August,Julie Brown
1998,September,Lisa Rinna
1998,October,Cindy Crawford
1998,November,Julia Schultz
1998,December,Katarina Witt
1999,January,Marilyn Monroe (photomosaic of Playboy covers)
1999,February,Pamela Anderson
1999,March,Gene Simmons and unidentified models
1999,April,Sable
1999,May,Charlize Theron
1999,June,Heather Kozar
1999,July,Brooke Richards
1999,August,Nell McAndrew
1999,September,Sable
1999,October,Jennifer Rovero
1999,November,Mia St. John (alternate Canadian cover: Cara Wakelin)
1999,December,Naomi Campbell
2000,January,Peter Max cover art (illustration)
2000,February,Angie Everhart
2000,March,Caprice Bourret
2000,April,Bijou Phillips
2000,May,"Sandy Bentley, Mandy Bentley"
2000,June,Jodi Ann Paterson
2000,July,Jaime Bergman
2000,August,Darva Conger
2000,September,Shari Belafonte
2000,October,Lauren Michelle Hill
2000,November,Chyna
2000,December,Carmen Electra
2001,January,Gabrielle Reece
2001,February,Anna Nicole Smith
2001,March,Kylie Bax
2001,April,Irina Voronina
2001,May,Brooke Burke
2001,June,Brande Roderick
2001,July,Pamela Anderson
2001,August,Belinda Carlisle
2001,September,Jerri Manthey
2001,October,"Julia Schultz, Stephanie Heinrich, Nicole Lenz"
2001,November,Angelica Bridges
2001,December,Gena Lee Nolin
2002,January,Chyna
2002,February,Dedee Pfeiffer
2002,March,"Kira Kener, Dasha, Tera Patrick"
2002,April,Tiffany
2002,May,Kiana Tom
2002,June,Dalene Kurtis
2002,July,"Shallan Meiers, Christina Santiago, Lauren Anderson"
2002,August,Christine Nielsen
2002,September,Jordan
2002,October,Teri Marie Harrison
2002,November,Kristy Swanson
2002,December,Dita Von Teese
2003,January,Tia Carrere
2003,February,Alison Eastwood
2003,March,Dorismar
2003,April,Carmen Electra
2003,May,Torrie Wilson
2003,June,Sarah Kozer
2003,July,Nikki Ziering
2003,August,"Jenna Morasca, Heidi Strobel"
2003,September,Signe Nordli
2003,October,Lauren Hill
2003,November,Daryl Hannah
2003,December,Shannen Doherty
2004,January,50th Anniversary Issue
2004,February,Jaime Pressly
2004,March,"Sable, Torrie Wilson"
2004,April,Rachel Hunter
2004,May,Pamela Anderson
2004,June,Charisma Carpenter
2004,July,Peta Wilson
2004,August,Eva Herzigova
2004,September,Amy Acuff
2004,October,Evelyn Gery
2004,November,Brooke Burke
2004,December,Denise Richards
2005,January,Jenny McCarthy
2005,February,Teri Polo
2005,March,Paris Hilton
2005,April,Christy Hemme
2005,May,Michelle Baena
2005,June,Bai Ling
2005,July,Joanna Krupa
2005,August,Diora Baird
2005,September,Jessica Canseco
2005,October,Sara Jean Underwood
2005,November,"Holly Madison, Bridget Marquardt & Kendra Wilkinson"
2005,December,Marilyn Monroe
2006,January,Lisa Guerrero
2006,February,Adrianne Curry
2006,March,Jessica Alba
2006,April,Candice Michelle
2006,May,Alison Waite
2006,June,Kara Monaco
2006,July,Vida Guerra
2006,August,Monica Leigh
2006,September,"Kendra Wilkinson, Holly Madison & Bridget Marquardt"
2006,October,Tamara Witmer
2006,November,Mercedes McNab
2006,December,Cindy Margolis
2007,January,Pamela Anderson
2007,February,Tricia Helfer
2007,March,Mariah Carey
2007,April,Ashley Massaro
2007,May,Anna Nicole Smith
2007,June,Kristine Lefebvre
2007,July,Amanda Beard
2007,August,Garcelle Beauvais
2007,September,Amanda Paige
2007,October,Giuliana Marino
2007,November,Lindsey Roeper
2007,December,Kim Kardashian
2008,January,Adrianne Curry
2008,February,Tiffany Fallon
2008,March,"Kendra Wilkinson, Holly Madison & Bridget Marquardt"
2008,April,Maria Kanellis
2008,May,Olga Kurbatova
2008,June,Jayde Nicole
2008,July,Cindy Margolis
2008,August,Ashley Harkleroad
2008,September,Anna Faris
2008,October,Kelly Carrington
2008,November,Rachelle Leah
2008,December,Carol Alt
2009,January,Carmen Electra
2009,February,"Holly Madison, Bridget Marquardt, Kendra Wilkinson"
2009,March,Aubrey O'Day
2009,April,"Seth Rogen, Hope Dworaczyk"
2009,May,Lisa Rinna
2009,June,America Olivo
2009,July,Olivia Munn
2009,August,Olivia Munn
2009,September,Heidi Montag
2009,October,"Kiera Gormley, Tuuli Shipster"
2009,November,Marge Simpson or Alina Puscau
2009,December,Chelsea Handler or Joanna Krupa
2010,April,Candice Boucher
2010,August,Crista Flanagan
2010,December,Kendra Wilkinson
2010,January/February,Tara Reid
2010,July,Natasha Alam
2010,June,Hope Dworaczyk
2010,March,Kelly Bensimon
2010,May,Ashley Dupre
2010,November,Arianny Celeste
2010,October,Sasha Grey/Kimberly Phillips
2010,September,Kelly Brook
2011,April,Taryn Manning
2011,August,Bree Olson
2011,December,Leeann Tweeden
2011,February,"Mikayla Wingle, Tisha Marie Payton, Stephanie Rollis"
2011,January,Pamela Anderson
2011,July,Crystal Harris
2011,June,Elizabeth Jagger
2011,March,Winter Ave Zoli
2011,May,Karina Smirnoff
2011,November,Ciara Price
2011,October,Laura Benanti
2011,September,Daisy Lowe
2012,April,"Bruno Mars, Raquel Pomplun"
2012,December,Marilyn Monroe
2012,January/February,Lindsay Lohan
2012,July/August,Jenny McCarthy
2012,June,Jaclyn Swedberg
2012,March,Brittney Palmer
2012,May,May Andersen
2012,November,Shera Bechard
2012,October,Pamela Horton
2012,September,Katrina Darling
2013,April,"Raquel Pomplun, Ciara Price and Britany Nola"
2013,December,Angela Taylor
2013,January/February,Paz de la Huerta
2013,July/August,Las Vegas Water Beauties
2013,June,Raquel Pomplun
2013,March,"Elizaveta ""Liza Kei"" Kiryukhina"
2013,May,Tamara Ecclestone
2013,November,Lauren Young
2013,October,Ashley Hobbs
2013,September,Ciara Price
2014,April,Rachel Mortenson
2014,December,Elizabeth Ostrander
2014,January/February,Kate Moss
2014,July/August,Bianca Balti
2014,June,Kennedy Summers
2014,March,Jennifer Humphrey
2014,May,Amanda Booth
2014,November,Stephanie Corneliussen
2014,October,Audrey Aleen Allen
2014,September,Stephanie Branton
2015,April,Azealia Banks
2015,December,Eugena Washington
2015,January/February,Rachel Mortenson
2015,July/August,"Heather Rae Young, Gia Marie, Stephanie Branton, Ciara Price, Chelsie Aryn, Roxanna June, Val Keil, Audrey Aleen Allen"
2015,June,Dani Mathers
2015,March,Gia Genevieve
2015,May,Brittany Brousseau
2015,November,Dominique Jane & Gia Marie
2015,October,Simone Holtznagel
2015,September,Heather Depriest
2016,April,Camille Rowe
2016,December,Enikő Mihalik
2016,January/February,Pamela Anderson
2016,July/August,Valerie van der Graaf
2016,June,Eugena Washington
2016,March,Sarah McDaniel
2016,May,Keilani Asmus
2016,November,Ashley Smith
2016,October,Sky Ferreira
2016,September,Kelly Gale
2017,January/February,2016's Playmates
2017,July/August,Dana Taylor
2017,March/April,Elizabeth Elam
2017,May/June,Brook Power
2017,November/December,Hugh Hefner
2017,September/October,Halsey
2018,January/February,Megan Samperi
2018,July/August,Sarah Stephens
2018,March/April,Jenny Watwood
2018,May/June,Nina Daniele
2018,September/October,Teyana Taylor
2018,November/December,Shelby Rose
2019,April/May/June,Jesi Le Rae
2019,January/February/March,"Vol. 66, No. 1"
2019,July/August/September,"Vol. 66, No. 2"
2019,October/November/December,"Arlondriah Lenyéa, Linnea Snyderman, Marisa Papen"
2020,April/May/June,Yoli Lara
2020,January/February/March,Renee Tenison
2020,April/May/June,Yoli Lara